acquire	0	1s	leftover=0
adapter-cdp	1	20s	leftover=0
adapter-playwright	0	26s	leftover=0
bench-browse	0	1s	leftover=0
bench-cap	0	0s	leftover=0
bench-oracle	0	2s	leftover=0
bounce-escalation	0	0s	leftover=0
boundary	0	0s	leftover=0
browse-step-surface	0	10s	leftover=0
cdp-connection	0	2s	leftover=0
chain	0	0s	leftover=0
chain-e2e	1	37s	leftover=0
chrome	0	11s	leftover=0
chrome-cmd	0	0s	leftover=0
classify-tools	0	0s	leftover=0
cli	0	5s	leftover=0
config	0	0s	leftover=0
conformance	1	40s	leftover=0
conformance-ops	0	25s	leftover=0
contract	0	0s	leftover=0
doc-safety	0	0s	leftover=0
doctor	0	9s	leftover=0
egress	0	0s	leftover=0
ephemeral-sweep	0	1s	leftover=0
gate	0	0s	leftover=0
jev-client	0	2s	leftover=0
log	0	1s	leftover=0
loop	0	0s	leftover=0
mcp-server	0	50s	leftover=0
page-scripts	0	4s	leftover=0
pick	0	0s	leftover=0
pick-e2e	1	6s	leftover=0
plugin	0	0s	leftover=0
policy	0	1s	leftover=0
profiles	0	0s	leftover=0
questions	0	0s	leftover=0
readme-bench	0	1s	leftover=0
registrations	0	0s	leftover=0
runner-sweep	0	2s	leftover=0
runner-sweep-leak	0	0s	leftover=1
scaffold	0	4s	leftover=0
settle	0	3s	leftover=0
setup-plan	0	1s	leftover=0
takeover	0	0s	leftover=0
takeover-config	0	1s	leftover=0
tokens	0	0s	leftover=0
typesafe-stub	0	0s	leftover=0
with-chrome	0	3s	leftover=0
with-chrome-forced	0	11s	leftover=0
withhold	0	0s	leftover=0
